{"Version":6,"License_TrainDriver":true,"License_DE2":true,"Job_Licenses":1536,"Tutorial_01_completed":true,"Tutorial_loco_id":"e53438c8-ac64-476e-88ce-0510bb4379ae","Tutorial_cargo_car_id":"ee4da159-4367-4f06-8b9a-63ad13610ef4","Tutorial_service_loco_id":"07946685-83af-4ba1-b4e6-006e0ffcbebc","DVOwnership":{"Version":"0.0.0","TracksHash":"858C52BC6A526338BCAE310B4613235A","RollingStock":[{"id":"L-099","carGuid":"66ebdbf4-fde5-4a6b-8c4f-e39604772652","type":10,"position":{"x":5700.98535,"y":155.906052,"z":7625.97},"rotation":{"x":0.06938496,"y":36.3966179,"z":2.909836E-06},"bog1TrackID":"#Y-#S-405-#T","bog1PosOnTrack":8.4440978552765671,"bog1Derailed":false,"bog2TrackID":"#Y-#S-405-#T","bog2PosOnTrack":4.7205191509578608,"bog2Derailed":false,"coupledF":false,"coupledR":true,"exploded":false,"loadedCargo":0,"carState":null,"locoState":{"sim":{"Fuel":2000.0,"Oil":100.0,"Sand":200.0,"EngineTemperature":30.0,"fuelConsumed":0.0},"dmg":{"bodyHP":5600.0,"wheelsHP":1000.0,"engineHP":1000.0,"windowsBroken":false},"engineOn":false},"spawned":true},{"id":"CFS410","carGuid":"4bbce349-6cb4-45b8-8464-9cfb898ef676","type":201,"position":{"x":5693.28467,"y":155.904282,"z":7615.787},"rotation":{"x":359.9694,"y":37.5718422,"z":2.20964E-05},"bog1TrackID":"#Y-#S-405-#T","bog1PosOnTrack":25.649051716117139,"bog1Derailed":false,"bog2TrackID":"#Y-#S-405-#T","bog2PosOnTrack":13.210272775562814,"bog2Derailed":false,"coupledF":true,"coupledR":true,"exploded":false,"loadedCargo":0,"carState":{"carDmg":8400.0,"cargoDmg":0.0,"debt":{"carStartV":100.0,"cargoStartV":0.0}},"locoState":null,"spawned":true},{"id":"CFS775","carGuid":"543329e1-f19e-47b6-a0ff-2673e8f20d89","type":201,"position":{"x":5682.141,"y":155.904022,"z":7601.59473},"rotation":{"x":0.00282745715,"y":38.64264,"z":-4.57003334E-05},"bog1TrackID":"#Y-#S-405-#T","bog1PosOnTrack":43.694760606427025,"bog1Derailed":false,"bog2TrackID":"#Y-#S-405-#T","bog2PosOnTrack":31.256324486529294,"bog2Derailed":false,"coupledF":true,"coupledR":true,"exploded":false,"loadedCargo":0,"carState":{"carDmg":8400.0,"cargoDmg":0.0,"debt":{"carStartV":100.0,"cargoStartV":0.0}},"locoState":null,"spawned":true},{"id":"CFS571","carGuid":"24b5b0aa-c3e9-412d-a922-175ac74dcd13","type":201,"position":{"x":5670.7915,"y":155.901581,"z":7587.55029},"rotation":{"x":0.0307579767,"y":39.18818,"z":2.85955812E-05},"bog1TrackID":"#Y-#S-405-#T","bog1PosOnTrack":61.751611046075915,"bog1Derailed":false,"bog2TrackID":"#Y-#S-405-#T","bog2PosOnTrack":49.313871942131939,"bog2Derailed":false,"coupledF":true,"coupledR":false,"exploded":false,"loadedCargo":0,"carState":{"carDmg":8400.0,"cargoDmg":0.0,"debt":{"carStartV":100.0,"cargoStartV":0.0}},"locoState":null,"spawned":true}]},"Player_position":{"x":5686.909,"y":155.661362,"z":7622.87158},"Player_rotation":{"x":0.0,"y":94.3064346,"z":0.0},"Player_car_guid":"","Player_money":1000.0,"Player_inventory_items":["CommsRadio","wallet","Map","MapSchematic","","","","","","","","","","","","","","","","","","",""],"Storage_Inventory":"[{\"itemPrefabName\":\"CommsRadio\",\"itemPositionX\":0.0,\"itemPositionY\":0.0,\"itemPositionZ\":0.0,\"itemRotationX\":0.0,\"itemRotationY\":0.0,\"itemRotationZ\":0.0,\"itemRotationW\":0.0,\"belongsToPlayer\":true,\"isGrabbed\":false,\"index\":-1,\"carGuid\":null,\"state\":null},{\"itemPrefabName\":\"wallet\",\"itemPositionX\":0.0,\"itemPositionY\":0.0,\"itemPositionZ\":0.0,\"itemRotationX\":0.0,\"itemRotationY\":0.0,\"itemRotationZ\":0.0,\"itemRotationW\":0.0,\"belongsToPlayer\":true,\"isGrabbed\":false,\"index\":-1,\"carGuid\":null,\"state\":null},{\"itemPrefabName\":\"Map\",\"itemPositionX\":0.0,\"itemPositionY\":0.0,\"itemPositionZ\":0.0,\"itemRotationX\":0.0,\"itemRotationY\":0.0,\"itemRotationZ\":0.0,\"itemRotationW\":0.0,\"belongsToPlayer\":true,\"isGrabbed\":false,\"index\":-1,\"carGuid\":null,\"state\":null},{\"itemPrefabName\":\"MapSchematic\",\"itemPositionX\":0.0,\"itemPositionY\":0.0,\"itemPositionZ\":0.0,\"itemRotationX\":0.0,\"itemRotationY\":0.0,\"itemRotationZ\":0.0,\"itemRotationW\":0.0,\"belongsToPlayer\":true,\"isGrabbed\":false,\"index\":-1,\"carGuid\":null,\"state\":{\"BookletPageNumber\":2}}]","Storage_World":"[]","Storage_LostAndFound":"[{\"itemPrefabName\":\"ManualShunterBooklet\",\"itemPositionX\":5706.35547,\"itemPositionY\":155.9622,\"itemPositionZ\":7624.423,\"itemRotationX\":-0.000400608027,\"itemRotationY\":-0.239798248,\"itemRotationZ\":0.000397355034,\"itemRotationW\":-0.9708226,\"belongsToPlayer\":true,\"isGrabbed\":false,\"index\":-1,\"carGuid\":null,\"state\":{}},{\"itemPrefabName\":\"DVGuide\",\"itemPositionX\":5706.871,\"itemPositionY\":155.967972,\"itemPositionZ\":7624.81055,\"itemRotationX\":-4.08186352E-05,\"itemRotationY\":-0.34274298,\"itemRotationZ\":-0.000170827829,\"itemRotationW\":-0.9394292,\"belongsToPlayer\":true,\"isGrabbed\":false,\"index\":-1,\"carGuid\":null,\"state\":{}},{\"itemPrefabName\":\"LicenseFreightHaul\",\"itemPositionX\":5706.845,\"itemPositionY\":155.972855,\"itemPositionZ\":7624.76953,\"itemRotationX\":-0.00015050912,\"itemRotationY\":-0.290620357,\"itemRotationZ\":0.0009294356,\"itemRotationW\":-0.956838,\"belongsToPlayer\":true,\"isGrabbed\":false,\"index\":-1,\"carGuid\":null,\"state\":{}},{\"itemPrefabName\":\"LicenseLocomotiveDE2\",\"itemPositionX\":5706.97852,\"itemPositionY\":155.974533,\"itemPositionZ\":7624.909,\"itemRotationX\":-0.06383862,\"itemRotationY\":-0.338173032,\"itemRotationZ\":0.0230171885,\"itemRotationW\":-0.938634038,\"belongsToPlayer\":true,\"isGrabbed\":false,\"index\":-1,\"carGuid\":null,\"state\":{}},{\"itemPrefabName\":\"TrainBasics\",\"itemPositionX\":5706.80127,\"itemPositionY\":155.971008,\"itemPositionZ\":7624.321,\"itemRotationX\":-2.52688579E-07,\"itemRotationY\":-0.229795992,\"itemRotationZ\":-8.148437E-07,\"itemRotationW\":-0.9732388,\"belongsToPlayer\":true,\"isGrabbed\":false,\"index\":-1,\"carGuid\":null,\"state\":{}},{\"itemPrefabName\":\"LicenseTrainDriver\",\"itemPositionX\":5706.69727,\"itemPositionY\":155.955,\"itemPositionZ\":7625.273,\"itemRotationX\":-3.11412123E-07,\"itemRotationY\":-0.234728038,\"itemRotationZ\":-8.40541645E-07,\"itemRotationW\":-0.9720611,\"belongsToPlayer\":true,\"isGrabbed\":false,\"index\":-1,\"carGuid\":null,\"state\":{}},{\"itemPrefabName\":\"LicenseShunting\",\"itemPositionX\":5707.20264,\"itemPositionY\":155.955,\"itemPositionZ\":7624.67725,\"itemRotationX\":1.001981E-07,\"itemRotationY\":-0.364526957,\"itemRotationZ\":1.19586531E-07,\"itemRotationW\":-0.9311928,\"belongsToPlayer\":true,\"isGrabbed\":false,\"index\":-1,\"carGuid\":null,\"state\":{}},{\"itemPrefabName\":\"ControlsNonVR\",\"itemPositionX\":5706.47,\"itemPositionY\":155.964447,\"itemPositionZ\":7624.538,\"itemRotationX\":-0.02982059,\"itemRotationY\":-0.29132995,\"itemRotationZ\":0.005528115,\"itemRotationW\":-0.95614177,\"belongsToPlayer\":true,\"isGrabbed\":false,\"index\":-1,\"carGuid\":null,\"state\":{}}]","Storage_Belt":"[]","Turntables":{"T_OWC_1":{"rot":355.004883},"T_FRS_1":{"rot":355.004883},"T_MB_1":{"rot":355.004883},"T_SW_1":{"rot":355.004883},"T_CSW_1":{"rot":350.009766},"T_FF_1":{"rot":355.004883},"T_SM_1":{"rot":4.897653},"T_IMW_1":{"rot":350.009766},"T_HB_1":{"rot":350.009766},"T_MF_1":{"rot":350.009766}},"Junctions#FC85F2962C92ADC2CEAAB1EB08926870":{"hash":"FC85F2962C92ADC2CEAAB1EB08926870","indices":[9,11,14,19,21],"states":[0,0,0,1,0]},"Cars#858C52BC6A526338BCAE310B4613235A":{"trackHash":"858C52BC6A526338BCAE310B4613235A","carsData":[{"id":"L-099","carGuid":"66ebdbf4-fde5-4a6b-8c4f-e39604772652","type":10,"position":{"x":5700.98535,"y":155.906052,"z":7625.97},"rotation":{"x":0.06938496,"y":36.3966179,"z":2.909836E-06},"bog1TrackChildInd":487,"bog1PosOnTrack":8.4440978552765671,"bog2TrackChildInd":487,"bog2PosOnTrack":4.7205191509578608,"coupledF":false,"coupledR":true,"loadedCargo":0,"locoState":{"sim":{"Fuel":2000.0,"Oil":100.0,"Sand":200.0,"EngineTemperature":30.0,"fuelConsumed":0.0},"dmg":{"bodyHP":5600.0,"wheelsHP":1000.0,"engineHP":1000.0,"windowsBroken":false},